"","MoransI_observed","MoransI_p.value","moransi.spatially.variable","moransi.spatially.variable.rank"
"AC007952.4",0.510273784992034,0,TRUE,1
"HLA-DRB1",0.508174654778167,0,TRUE,2
"COL1A2",0.50477988430191,0,TRUE,3
"SFTPC",0.496013752631922,0,TRUE,4
"MALAT1",0.493012049783256,0,TRUE,5
"COL1A1",0.483137698076436,0,TRUE,6
"SFTPB",0.473598325021177,0,TRUE,7
"SPARC",0.470777362292231,0,TRUE,8
"NAPSA",0.466120597517725,0,TRUE,9
"HLA-DPB1",0.464736130788563,0,TRUE,10
"COL3A1",0.450018934023361,0,TRUE,11
"SCGB3A2",0.431514848443608,0,TRUE,12
"WFDC2",0.419561548269978,0,TRUE,13
"C16orf89",0.414274615611374,0,TRUE,14
"IGKC",0.404461712770737,0,TRUE,15
"RPS21",0.394399108490047,0,TRUE,16
"BGN",0.392639229898406,0,TRUE,17
"IGHA1",0.386513765527542,0,TRUE,18
"FOS",0.38145879483924,0,TRUE,19
"A2M",0.373754122232509,0,TRUE,20
"NPC2",0.371782355154071,0,TRUE,21
"CD74",0.370181589065998,0,TRUE,22
"HLA-DPA1",0.368650979975521,0,TRUE,23
"SCGB3A1",0.361299372202221,0,TRUE,24
"MUC1",0.360876266955477,0,TRUE,25
"LUM",0.360827551934461,0,TRUE,26
"RPL37A",0.353614337532923,0,TRUE,27
"HLA-DRB5",0.351790989027827,0,TRUE,28
"MT-ND1",0.348325823528648,0,TRUE,29
"CTSZ",0.344481763734144,0,TRUE,30
"COL6A2",0.340263046866846,0,TRUE,31
"HLA-DRA",0.339734598498813,0,TRUE,32
"FN1",0.339151071775278,0,TRUE,33
"C7",0.338978988587274,0,TRUE,34
"MGP",0.338641898441021,0,TRUE,35
"RPL10",0.337582055865377,0,TRUE,36
"RNASE1",0.336975665612888,0,TRUE,37
"IGLC3",0.336366443031967,0,TRUE,38
"MT-CO1",0.332085953578271,0,TRUE,39
"SERPINA1",0.331133682778522,0,TRUE,40
"C1S",0.328150226898209,0,TRUE,41
"COL5A1",0.326485620420503,0,TRUE,42
"MMP2",0.326323125528516,0,TRUE,43
"AGER",0.32227577917537,0,TRUE,44
"HSPA1A",0.322098872622214,0,TRUE,45
"IGFBP7",0.321083303707471,0,TRUE,46
"RPL30",0.320592023365791,0,TRUE,47
"RPLP1",0.320286957426822,0,TRUE,48
"IGLC1",0.319725817410511,0,TRUE,49
"SFTA2",0.318231302590193,0,TRUE,50
"MT-CO3",0.312721156435133,0,TRUE,51
"MT2A",0.312586108174643,0,TRUE,52
"RPS18",0.311043349212497,0,TRUE,53
"JCHAIN",0.308801746024125,0,TRUE,54
"RPS23",0.308637474182138,0,TRUE,55
"DCN",0.307284277064498,0,TRUE,56
"COX6C",0.307090604195161,0,TRUE,57
"RPS12",0.304977260223005,0,TRUE,58
"THY1",0.300988094343816,0,TRUE,59
"EPAS1",0.299857053075812,0,TRUE,60
"AZGP1",0.29968125453428,0,TRUE,61
"FOSB",0.298118863887697,0,TRUE,62
"ELF3",0.298045423613851,0,TRUE,63
"RPL11",0.296955987685152,0,TRUE,64
"PIGR",0.296720588563666,0,TRUE,65
"RPS15A",0.296221976273637,0,TRUE,66
"CEACAM6",0.291872598864303,0,TRUE,67
"MT-CO2",0.291168948748659,0,TRUE,68
"EGR1",0.289563483851576,0,TRUE,69
"COL5A2",0.287306339714245,0,TRUE,70
"FTH1",0.286141628180806,0,TRUE,71
"COL6A3",0.285093703347548,0,TRUE,72
"CCDC80",0.282973997633718,0,TRUE,73
"COL4A2",0.281500775753256,0,TRUE,74
"MYL9",0.278577597376616,0,TRUE,75
"FBLN1",0.278354281795889,0,TRUE,76
"HSPA1B",0.277413295170774,0,TRUE,77
"CDH11",0.276893090035075,0,TRUE,78
"SFTPA1",0.269770956091734,0,TRUE,79
"MT-ATP6",0.26792124739429,0,TRUE,80
"MT-ND4",0.267050973130389,0,TRUE,81
"EMILIN1",0.266930754995733,0,TRUE,82
"NEAT1",0.266874409841932,0,TRUE,83
"MT-ND2",0.26600798342412,0,TRUE,84
"ELN",0.265957964916633,0,TRUE,85
"IGHM",0.265630924905214,0,TRUE,86
"S100A6",0.265013675875335,0,TRUE,87
"JUN",0.263106629870144,0,TRUE,88
"UQCRQ",0.262962650526456,0,TRUE,89
"DUSP1",0.262257194578369,0,TRUE,90
"SERPINF1",0.258478163523233,0,TRUE,91
"COL4A1",0.257915684815041,0,TRUE,92
"SFTPA2",0.256767354608328,0,TRUE,93
"RGS5",0.255175106327318,0,TRUE,94
"AEBP1",0.255022326739628,0,TRUE,95
"ECM1",0.252479814411064,0,TRUE,96
"THBS2",0.251123792526857,0,TRUE,97
"C1QA",0.250608521531182,0,TRUE,98
"SLC34A2",0.250239011574583,0,TRUE,99
"IGHG1",0.247517693998014,0,TRUE,100
"CCN2",0.247089672160472,0,TRUE,101
"CTSH",0.246979749774257,0,TRUE,102
"COL14A1",0.241873387180158,0,TRUE,103
"IGHG4",0.241390313438753,0,TRUE,104
"TIMP3",0.237954329920807,0,TRUE,105
"POSTN",0.236927778430018,0,TRUE,106
"IFI27",0.23664859634773,0,TRUE,107
"PABPC1",0.235587169937129,0,TRUE,108
"FAU",0.233582186741742,0,TRUE,109
"RHOB",0.232817692074433,0,TRUE,110
"TIMP1",0.229685579211017,0,TRUE,111
"MT-CYB",0.227745704195764,0,TRUE,112
"INMT",0.224946029881645,0,TRUE,113
"IGLC2",0.224046044258864,0,TRUE,114
"JUNB",0.222822699609928,0,TRUE,115
"COL6A1",0.222312223250497,0,TRUE,116
"LTBP2",0.222219127469091,0,TRUE,117
"DEPP1",0.219932253271356,0,TRUE,118
"ZFP36",0.219803230642141,0,TRUE,119
"FSTL1",0.217225007322099,0,TRUE,120
"IFI6",0.216376363926716,0,TRUE,121
"MXRA5",0.214286971669141,0,TRUE,122
"KLF6",0.213201387919479,0,TRUE,123
"IGFBP5",0.212866404195008,0,TRUE,124
"CLDN4",0.21240326556864,0,TRUE,125
"CD24",0.210554655821588,0,TRUE,126
"MT-ND3",0.207729516387256,0,TRUE,127
"LBH",0.206960280944418,0,TRUE,128
"ADH1B",0.206637555327201,0,TRUE,129
"SOCS3",0.204499032722623,0,TRUE,130
"COL16A1",0.20443193103374,0,TRUE,131
"KRT8",0.204361367881275,0,TRUE,132
"C1R",0.203112437130303,0,TRUE,133
"TAGLN",0.201843550362276,0,TRUE,134
"SNHG9",0.20027485907735,0,TRUE,135
"SERPING1",0.199796595494113,0,TRUE,136
"NID1",0.199708741925887,0,TRUE,137
"PTGDS",0.198213426345583,0,TRUE,138
"RPS15",0.195176343579555,0,TRUE,139
"DMBT1",0.193608562290755,0,TRUE,140
"SUSD2",0.192944683454492,0,TRUE,141
"HPGD",0.192265974906734,0,TRUE,142
"SLPI",0.190843282046421,0,TRUE,143
"CAV1",0.190507153512215,0,TRUE,144
"PGC",0.189834212993788,0,TRUE,145
"CAVIN1",0.185801617075217,0,TRUE,146
"HTRA3",0.185286588802264,0,TRUE,147
"RGCC",0.183808426357998,0,TRUE,148
"CP",0.182761937012008,0,TRUE,149
"LGALS1",0.182105563922106,0,TRUE,150
"TGM2",0.181835690283828,0,TRUE,151
"JUND",0.180726262097491,0,TRUE,152
"AGR2",0.180679327633688,0,TRUE,153
"MOXD1",0.180604985071808,0,TRUE,154
"SPARCL1",0.180535534843532,0,TRUE,155
"CALD1",0.180119912983995,0,TRUE,156
"GPX3",0.179295651337791,0,TRUE,157
"CAVIN2",0.179273335421336,0,TRUE,158
"IGHG3",0.176753101003816,0,TRUE,159
"CXCL14",0.176657683664936,0,TRUE,160
"RARRES2",0.176317917306714,0,TRUE,161
"LCAL1",0.175581100995612,0,TRUE,162
"PDGFRB",0.173056058339632,0,TRUE,163
"SAMHD1",0.172247520699396,0,TRUE,164
"SFRP2",0.171365611729931,0,TRUE,165
"NBL1",0.171306250352594,0,TRUE,166
"RPL17",0.17020827240436,0,TRUE,167
"HBA2",0.169038321956919,0,TRUE,168
"VCAN",0.168844976704568,0,TRUE,169
"NOTCH3",0.168596916993973,0,TRUE,170
"HTRA1",0.168012245587234,0,TRUE,171
"FBN1",0.166839498343422,0,TRUE,172
"ISLR",0.165161293176085,0,TRUE,173
"VWF",0.164658856239411,0,TRUE,174
"COL8A1",0.163772677875856,0,TRUE,175
"LYZ",0.163386812369093,0,TRUE,176
"TUBA1A",0.163161227325284,0,TRUE,177
"IER2",0.162280944025896,0,TRUE,178
"ADIRF",0.161163332942522,0,TRUE,179
"IGHG2",0.158600686872283,0,TRUE,180
"AHNAK",0.158080436555751,0,TRUE,181
"TIMP2",0.157834033449282,0,TRUE,182
"GADD45B",0.157360342568778,0,TRUE,183
"PRELP",0.155861909034534,0,TRUE,184
"FRZB",0.155384409318326,0,TRUE,185
"PECAM1",0.154078806253203,0,TRUE,186
"CCNL1",0.153008515450399,0,TRUE,187
"LFNG",0.15269212934008,0,TRUE,188
"MT1M",0.15268025268821,0,TRUE,189
"VIM",0.15246623079564,0,TRUE,190
"TRIR",0.149181767843745,0,TRUE,191
"AOC3",0.148315453595798,0,TRUE,192
"MFAP2",0.148006349277366,0,TRUE,193
"PCOLCE",0.147225634923601,0,TRUE,194
"MMP14",0.146298848704437,0,TRUE,195
"APOE",0.145840408511979,0,TRUE,196
"C11orf96",0.144841711576243,0,TRUE,197
"LINC00607",0.144801778834576,0,TRUE,198
"FHL1",0.141784751972898,0,TRUE,199
"MT-ND5",0.140810091144132,0,TRUE,200
"SFN",0.140615181579618,0,TRUE,201
"NTHL1",0.13992971247929,0,TRUE,202
"CLDN5",0.139899800105001,0,TRUE,203
"TCF4",0.137843718835471,0,TRUE,204
"ZFP36L2",0.135750906753877,0,TRUE,205
"ACTA2",0.135683821155768,0,TRUE,206
"MARCKS",0.135568201691443,0,TRUE,207
"PLVAP",0.134826215388834,0,TRUE,208
"SSC5D",0.13478548435924,0,TRUE,209
"S100A4",0.132877920948517,0,TRUE,210
"MFAP4",0.131819083561799,0,TRUE,211
"NNMT",0.13092888450136,0,TRUE,212
"ANTXR1",0.130834258598484,0,TRUE,213
"NCOR1",0.130162016657885,0,TRUE,214
"BTG2",0.128721430361303,0,TRUE,215
"ATF3",0.12810220802495,0,TRUE,216
"RGS16",0.127737773097526,0,TRUE,217
"COTL1",0.127513317532943,0,TRUE,218
"PODN",0.127177965411611,0,TRUE,219
"XIST",0.127052295064733,0,TRUE,220
"CPE",0.126116346473891,0,TRUE,221
"KRT7",0.125771785409203,0,TRUE,222
"THBS1",0.125685077814805,0,TRUE,223
"CLEC11A",0.12440125287958,0,TRUE,224
"AL627171.2",0.124237317652248,0,TRUE,225
"AC020916.1",0.124039653651734,0,TRUE,226
"PTMS",0.123942247271858,0,TRUE,227
"SFRP4",0.123603607989109,0,TRUE,228
"NAP1L1",0.1234442535701,0,TRUE,229
"ITGBL1",0.123198720113091,0,TRUE,230
"KLF2",0.123059289736227,0,TRUE,231
"LRP1",0.122352338131413,0,TRUE,232
"SPON1",0.119915029841262,0,TRUE,233
"ACE",0.118579124778557,0,TRUE,234
"CCL19",0.118495164636259,0,TRUE,235
"MFSD2A",0.118277623663751,0,TRUE,236
"COL15A1",0.118124550661091,0,TRUE,237
"PDK4",0.117635571250162,0,TRUE,238
"HLA-DQA1",0.116967327430672,0,TRUE,239
"FAM107A",0.116575441769791,0,TRUE,240
"FBLN2",0.116274645932335,0,TRUE,241
"PLXDC2",0.115861528580459,0,TRUE,242
"TBX2",0.115773581076472,0,TRUE,243
"PMP22",0.115004599452836,0,TRUE,244
"PDGFRA",0.114425883163609,0,TRUE,245
"EMP2",0.114282219305356,0,TRUE,246
"FBLN5",0.113454742115907,0,TRUE,247
"ADAM12",0.111053327505614,0,TRUE,248
"FCN3",0.110940913646124,0,TRUE,249
"FMOD",0.110815813500807,0,TRUE,250
"TMEM119",0.110215940292443,0,TRUE,251
"ZYX",0.109070073511903,0,TRUE,252
"F2R",0.108508267002772,0,TRUE,253
"SYT12",0.107278837603975,0,TRUE,254
"CPXM1",0.106417188379566,0,TRUE,255
"EFEMP2",0.106268682298333,0,TRUE,256
"LOXL1",0.106109769532689,0,TRUE,257
"CLEC14A",0.105937085989455,0,TRUE,258
"CES1",0.105669598446763,0,TRUE,259
"STAB1",0.105629304490705,0,TRUE,260
"ABI3BP",0.105502846077168,0,TRUE,261
"ANXA6",0.105046027876244,0,TRUE,262
"MYLK",0.104323835280205,0,TRUE,263
"ANKRD12",0.103551388216241,0,TRUE,264
"CXCL12",0.10348734469601,0,TRUE,265
"CFH",0.102045171220467,0,TRUE,266
"CILP2",0.101264895278806,0,TRUE,267
"MCAM",0.101124313431699,0,TRUE,268
"ACVRL1",0.100998226021887,0,TRUE,269
"FGG",0.100870833372631,0,TRUE,270
"HBA1",0.100742012223092,0,TRUE,271
"C1QB",0.100488954284683,0,TRUE,272
"EIF4A2",0.0999781130557198,0,TRUE,273
"PTGIS",0.0999193113971761,0,TRUE,274
"SPTBN1",0.0996528352648833,0,TRUE,275
"KCTD12",0.0996246434398592,0,TRUE,276
"ID1",0.0994983137999097,0,TRUE,277
"LTBP4",0.0991015392479271,0,TRUE,278
"MRC2",0.0987434790838524,0,TRUE,279
"NES",0.097095442454791,0,TRUE,280
"RBM25",0.0970377644602954,0,TRUE,281
"RAMP2",0.0965940872488378,0,TRUE,282
"KLF4",0.0965619476856538,0,TRUE,283
"TNS1",0.0963791831971894,0,TRUE,284
"SULF1",0.096216215235089,0,TRUE,285
"EDN1",0.0956122202857459,0,TRUE,286
"TPSB2",0.0954093862772956,0,TRUE,287
"CCL14",0.0951300345271306,0,TRUE,288
"PNISR",0.0949362902030888,0,TRUE,289
"SRGN",0.0948546438426266,0,TRUE,290
"MT1X",0.0945368124423498,0,TRUE,291
"INHBA",0.0943098576158393,0,TRUE,292
"CD93",0.0941549265388316,0,TRUE,293
"CFD",0.0940656445989298,0,TRUE,294
"LSP1",0.0940253569848045,0,TRUE,295
"MMP23B",0.0937754349500607,0,TRUE,296
"CYBRD1",0.0933477383833976,0,TRUE,297
"SLCO2B1",0.0930515205296366,0,TRUE,298
"ITGB5",0.0923767373511723,0,TRUE,299
"MAF",0.0918069496488157,0,TRUE,300
"CLIC4",0.0917130124324517,0,TRUE,301
"PRRC2C",0.0915627935834815,0,TRUE,302
"TACC1",0.0915496431211818,0,TRUE,303
"EVA1B",0.0913858381641616,0,TRUE,304
"SRSF7",0.0911900230290036,0,TRUE,305
"GNG11",0.0906110275286985,0,TRUE,306
"ITGA1",0.0904505653416726,0,TRUE,307
"MSLN",0.0901730791637222,0,TRUE,308
"CRIP2",0.0899614933781404,0,TRUE,309
"CDH5",0.0896304611859257,0,TRUE,310
"TMEM176B",0.0892232819033102,0,TRUE,311
"PALM2-AKAP2",0.0887745115735828,0,TRUE,312
"HBB",0.0886382323896643,0,TRUE,313
"RAMP3",0.0885768504532123,0,TRUE,314
"ISG15",0.0885619459346735,0,TRUE,315
"CLDN2",0.088504957102505,0,TRUE,316
"WARS",0.0880680738257765,0,TRUE,317
"COL10A1",0.087981285922078,0,TRUE,318
"VCAM1",0.0873488175936705,0,TRUE,319
"CD55",0.0871805286408021,0,TRUE,320
"DPT",0.0863923592474583,0,TRUE,321
"SOD3",0.0863528760230419,0,TRUE,322
"SERPINE1",0.0863024394804986,0,TRUE,323
"ADAMTS16",0.0858588665433765,0,TRUE,324
"COMP",0.0857730602379964,0,TRUE,325
"LCP1",0.0857129844429305,0,TRUE,326
"SULF2",0.0856223538422312,0,TRUE,327
"TYMP",0.085568999870926,0,TRUE,328
"ATP1B3",0.0852998671387555,0,TRUE,329
"SLIT3",0.0851140279137161,0,TRUE,330
"CYP1B1",0.0848611038873962,0,TRUE,331
"TMEM204",0.0844751468164712,0,TRUE,332
"CTHRC1",0.0844158550044424,0,TRUE,333
"TFPI",0.0838345849849204,0,TRUE,334
"LOX",0.0836556242559316,0,TRUE,335
"TMEM100",0.0834991983677967,0,TRUE,336
"HEG1",0.0834963545060288,0,TRUE,337
"CCN1",0.0831797698691313,0,TRUE,338
"TYROBP",0.0828456095627454,0,TRUE,339
"PGGHG",0.0828260098750624,0,TRUE,340
"LUC7L3",0.0827921381895954,0,TRUE,341
"ENG",0.0825415677388435,0,TRUE,342
"LAMB1",0.0825088697044431,0,TRUE,343
"ADGRL2",0.082295311768425,0,TRUE,344
"LAPTM5",0.0821694594244991,0,TRUE,345
"SCGB1A1",0.0820881063415908,0,TRUE,346
"LTB",0.0818502444128563,0,TRUE,347
"PABPN1",0.0816538031195161,0,TRUE,348
"ZNF217",0.0814686218705403,0,TRUE,349
"SPOCK2",0.0811673630838202,0,TRUE,350
"IGF1",0.0804329589465189,0,TRUE,351
"AQP4",0.080393090721183,0,TRUE,352
"CLDN18",0.0796481780875902,0,TRUE,353
"FKBP10",0.0795874786941172,0,TRUE,354
"IGLC7",0.0795071244579607,0,TRUE,355
"TRIB1",0.079145909077269,0,TRUE,356
"MYH11",0.0789414559668343,0,TRUE,357
"UACA",0.0773632746164229,0,TRUE,358
"CRISPLD2",0.0772920770638452,0,TRUE,359
"LTBP1",0.0769259613661773,0,TRUE,360
"RBM47",0.0768638903893096,0,TRUE,361
"NKD2",0.0767855351000946,0,TRUE,362
"MT-ND4L",0.0764789557781763,0,TRUE,363
"CHRDL1",0.0764502763588837,0,TRUE,364
"TPM2",0.0761807190521041,0,TRUE,365
"PALLD",0.0761695398517815,0,TRUE,366
"ARGLU1",0.0761349829969739,0,TRUE,367
"TMEM47",0.0760764492796424,0,TRUE,368
"ITGAV",0.0759414021297518,0,TRUE,369
"TRAC",0.0757964059619413,0,TRUE,370
"CSPG4",0.0755717261075126,0,TRUE,371
"OGN",0.0753881574910147,0,TRUE,372
"MRC1",0.0752336721349261,0,TRUE,373
"TRBC2",0.0750871477863947,0,TRUE,374
"RRAD",0.0748784975384695,0,TRUE,375
"CCL18",0.074712024434859,0,TRUE,376
"PLSCR4",0.0745742904416931,0,TRUE,377
"CXCL2",0.0744594400158332,0,TRUE,378
"ENPP2",0.0743211301216947,0,TRUE,379
"NR4A1",0.0741364995641839,0,TRUE,380
"CD99",0.0741202368133563,0,TRUE,381
"LIMCH1",0.0739421180876857,0,TRUE,382
"COX7A1",0.0737557006659531,0,TRUE,383
"CDKN1A",0.0737438434384708,0,TRUE,384
"DST",0.0737002460477291,0,TRUE,385
"SPRY1",0.0736907641119904,0,TRUE,386
"ZBTB16",0.073302397204693,0,TRUE,387
"MT-ATP8",0.0732912337875605,0,TRUE,388
"KLF9",0.0732858489577011,0,TRUE,389
"EIF5B",0.0732239628230472,0,TRUE,390
"OLFML2B",0.0731151248192007,0,TRUE,391
"TNFRSF1A",0.0727315057398364,0,TRUE,392
"FMO2",0.0725682577552111,0,TRUE,393
"CCDC85B",0.0725337709560904,0,TRUE,394
"CXCR4",0.0724462916411829,0,TRUE,395
"ZDHHC3",0.0723181930838663,0,TRUE,396
"FNDC1",0.0722510833960729,0,TRUE,397
"PIEZO2",0.0722050717918564,0,TRUE,398
"CCL2",0.0720711765380577,0,TRUE,399
"KCNK6",0.0717309884937882,0,TRUE,400
"NR2F1",0.0715480680827226,0,TRUE,401
"SERPINE2",0.0713908470093083,0,TRUE,402
"CCL21",0.0708857459817159,0,TRUE,403
"CAMK2N1",0.070813165497114,0,TRUE,404
"NFIB",0.0704016526949848,0,TRUE,405
"IFI30",0.0702731883654807,0,TRUE,406
"TGFB3",0.070098271842166,0,TRUE,407
"CYGB",0.0700512193210393,0,TRUE,408
"STAT2",0.0699869514505232,0,TRUE,409
"GGT5",0.0698442698470833,0,TRUE,410
"GJA5",0.069623893230374,0,TRUE,411
"ETS1",0.0695466878539511,0,TRUE,412
"PAPLN",0.0693409329846888,0,TRUE,413
"PTPRA",0.0689420448968057,0,TRUE,414
"ADGRA2",0.0687709410855482,0,TRUE,415
"ACKR1",0.0685709342714259,0,TRUE,416
"IFITM2",0.0683529272434841,0,TRUE,417
"ITM2A",0.0678202538388254,0,TRUE,418
"FAP",0.0676998165562794,0,TRUE,419
"MMP9",0.0676297578771555,0,TRUE,420
"TPM1",0.0675698016389132,0,TRUE,421
"ANKRD36C",0.0674375492550841,0,TRUE,422
"RIOK3",0.0673552239762857,0,TRUE,423
"PRSS23",0.0673039859600054,0,TRUE,424
"IL7R",0.0671259954985832,0,TRUE,425
"ZEB2",0.067072271977745,0,TRUE,426
"FXYD6",0.067027715414942,0,TRUE,427
"OLFML2A",0.0669199479016437,0,TRUE,428
"EMP1",0.0666173356869855,0,TRUE,429
"PXDN",0.0665310349528841,0,TRUE,430
"SRPX",0.0665214080474268,0,TRUE,431
"GDF10",0.0664987112661417,0,TRUE,432
"CXCL10",0.0661486409785722,0,TRUE,433
"FKBP5",0.0661257980572633,0,TRUE,434
"PKIG",0.0659967480051261,0,TRUE,435
"NPNT",0.0659684376300998,0,TRUE,436
"PLAC9",0.0657505935968022,0,TRUE,437
"STOM",0.0656893438548265,0,TRUE,438
"PLK3",0.0654197690667671,0,TRUE,439
"PPP1R14A",0.0650617285409005,0,TRUE,440
"BTG1",0.0650262168385914,0,TRUE,441
"MX2",0.0649331639085111,0,TRUE,442
"LTF",0.0645942253149364,0,TRUE,443
"CSRNP1",0.0644635994663071,0,TRUE,444
"ITGA5",0.0639444528568312,0,TRUE,445
"CAV2",0.0638849835719637,0,TRUE,446
"AIF1",0.063851997861456,0,TRUE,447
"C1QC",0.0637664267864125,0,TRUE,448
"SCN7A",0.0636984124316071,0,TRUE,449
"CTSF",0.0636745206688718,0,TRUE,450
"FLT1",0.0636741417523851,0,TRUE,451
"TPPP3",0.0635665120801042,0,TRUE,452
"FCER1G",0.0635136255546294,0,TRUE,453
"SPP1",0.0634643758320702,0,TRUE,454
"EGFL7",0.0634285016689325,0,TRUE,455
"GOLGA4",0.06342228879938,0,TRUE,456
"SLC2A3",0.0634062336620228,0,TRUE,457
"TCF21",0.0631447883147263,0,TRUE,458
"EDNRB",0.0631438979389658,0,TRUE,459
"SRSF11",0.062766181171146,0,TRUE,460
"ITGA8",0.0623537878060872,0,TRUE,461
"GRASP",0.0622246760309663,0,TRUE,462
"GPX8",0.0617308178679901,0,TRUE,463
"METTL7A",0.0616891871632699,0,TRUE,464
"MXRA7",0.0615239593521828,0,TRUE,465
"CYP4B1",0.0614157088834402,0,TRUE,466
"SLC38A2",0.0614065029244779,0,TRUE,467
"LAMA2",0.0612628590941117,0,TRUE,468
"GBP4",0.0612155553708825,0,TRUE,469
"IDO1",0.0608341856888716,0,TRUE,470
"KLF10",0.0607644622657087,0,TRUE,471
"CTSK",0.060136180723016,0,TRUE,472
"ADAMTS2",0.0599947957119565,0,TRUE,473
"FCGR3A",0.059421607171354,0,TRUE,474
"ENTPD1",0.0593968277254973,0,TRUE,475
"FCN1",0.0592981629765204,0,TRUE,476
"ITGA9",0.0588958479696525,0,TRUE,477
"FYB1",0.058837079022668,0,TRUE,478
"ALDH3B1",0.0588075717195451,0,TRUE,479
"VSTM2L",0.0587741353000686,0,TRUE,480
"MZB1",0.0585474689576723,0,TRUE,481
"P3H3",0.0584918181958867,0,TRUE,482
"PRRX1",0.0583904564086346,0,TRUE,483
"TERF2IP",0.0583535535632931,0,TRUE,484
"HTATSF1",0.0582557988409757,0,TRUE,485
"AKAP9",0.058233455801133,0,TRUE,486
"CCDC88A",0.0581594968127479,0,TRUE,487
"NEXN",0.0579839540013484,0,TRUE,488
"GJC1",0.0574646750208694,0,TRUE,489
"MEIS1",0.057452412853809,0,TRUE,490
"LIMS2",0.0574382838283864,0,TRUE,491
"CPVL",0.0569975888014641,0,TRUE,492
"CALCRL",0.0568274076898594,0,TRUE,493
"MAP1B",0.05678799232507,0,TRUE,494
"FDCSP",0.0567676928779768,0,TRUE,495
"SMC4",0.0565080482679792,0,TRUE,496
"CCL22",0.0564646948132845,0,TRUE,497
"ID2",0.0563735056483183,0,TRUE,498
"CD6",0.0562916830820791,0,TRUE,499
"BCL6",0.0559668408442367,0,TRUE,500
"RUNX1T1",0.0559651087166339,0,TRUE,501
"SLIT2",0.0559041120263025,0,TRUE,502
"ITGB1",0.0556819760258792,0,TRUE,503
"NR2F2",0.055649417431629,0,TRUE,504
"GASK1B",0.0555760219673576,0,TRUE,505
"HEYL",0.0554880162462668,0,TRUE,506
"ECM2",0.0552335713476715,0,TRUE,507
"COX4I2",0.0551623979310607,0,TRUE,508
"FAAP100",0.0550835266946373,0,TRUE,509
"MFGE8",0.0549722301590898,0,TRUE,510
"SYNPO2",0.0548568322527993,0,TRUE,511
"MYH10",0.054652478006131,0,TRUE,512
"CD68",0.054611766025441,0,TRUE,513
"PLPP1",0.0545233595768908,0,TRUE,514
"CXCL9",0.0544522274249131,0,TRUE,515
"DIPK2B",0.0543623777459722,0,TRUE,516
"GUCY1A2",0.0543328004836942,0,TRUE,517
"EMCN",0.0538753746440428,0,TRUE,518
"PTPRC",0.0537942370308709,0,TRUE,519
"SLC25A24",0.0532506883915713,0,TRUE,520
"INAFM1",0.0531603616001116,0,TRUE,521
"SLCO2A1",0.0530867935652302,0,TRUE,522
"WIPF1",0.0530658026628562,0,TRUE,523
"H19",0.0530412864468417,0,TRUE,524
"JAG1",0.0528931595048705,0,TRUE,525
"TNXB",0.0528717484542706,0,TRUE,526
"ROBO4",0.0526793163941636,0,TRUE,527
"ADGRL4",0.0523914367375624,0,TRUE,528
"ALOX5AP",0.0523813872502885,0,TRUE,529
"EPB41L2",0.0523430952724536,0,TRUE,530
"FZD4",0.0523173483976191,0,TRUE,531
"CCDC144A",0.0522383633104278,0,TRUE,532
"XAF1",0.0522343703094919,0,TRUE,533
"VIPR1",0.0522098976482825,0,TRUE,534
"KCNQ1OT1",0.0521915011075514,0,TRUE,535
"GJA1",0.0520995089790051,0,TRUE,536
"JAML",0.0519688109546155,0,TRUE,537
"LOXL2",0.0518729949717074,0,TRUE,538
"PLEKHO2",0.051779674736643,0,TRUE,539
"LDB2",0.0516660087492726,0,TRUE,540
"TGFB1I1",0.051310128277323,0,TRUE,541
"COL6A6",0.0512372391719886,0,TRUE,542
"ANP32B",0.0511465561784093,0,TRUE,543
"ZC3H13",0.0509950544694345,0,TRUE,544
"ATRX",0.0506810950135754,0,TRUE,545
"TRBC1",0.0504660646885829,0,TRUE,546
"PCDH17",0.0503004284021811,0,TRUE,547
"PPP1R9B",0.0501226527110141,0,TRUE,548
"EDIL3",0.0500905468795,0,TRUE,549
"PRX",0.0500429144301012,0,TRUE,550
"APOC1",0.0500309993940345,0,TRUE,551
"EGFL6",0.049939984132105,0,TRUE,552
"SEC14L1",0.0499057441845752,0,TRUE,553
"LAMC3",0.049767657278232,0,TRUE,554
"GUCY1A1",0.0497634450307868,0,TRUE,555
"MYC",0.0497137820047041,0,TRUE,556
"ADAMTS1",0.0495306732716634,0,TRUE,557
"PODXL",0.0494972547095373,0,TRUE,558
"GMFG",0.049496691097661,0,TRUE,559
"GPC3",0.0494588354233953,0,TRUE,560
"WIF1",0.0493319252538527,0,TRUE,561
"PTN",0.0492709334883325,0,TRUE,562
"S1PR1",0.0492128033937122,0,TRUE,563
"SEPTIN7",0.0490838340609971,0,TRUE,564
"PPP1R15A",0.0490696290093621,0,TRUE,565
"TBX4",0.0490465074376451,0,TRUE,566
"F13A1",0.048955278468774,0,TRUE,567
"KIAA1324L",0.0485562112754011,0,TRUE,568
"ALYREF",0.0485354267079944,0,TRUE,569
"CD52",0.0485297771494383,0,TRUE,570
"KCNK3",0.0485283511319896,0,TRUE,571
"JAK3",0.0483915062988957,0,TRUE,572
"NCOA7",0.0481426364211145,0,TRUE,573
"GAS7",0.0480735378696442,0,TRUE,574
"FMNL3",0.0480689603199562,0,TRUE,575
"MS4A6A",0.0480337680780512,0,TRUE,576
"PCAT19",0.0479820783283361,0,TRUE,577
"ADAMTSL2",0.0478912005897769,0,TRUE,578
"MPHOSPH8",0.0478360955749421,0,TRUE,579
"APOL1",0.0478204249060932,0,TRUE,580
"CCL17",0.0477833754169197,0,TRUE,581
"CKB",0.0477732176887027,0,TRUE,582
"ABCA8",0.0476218732618769,0,TRUE,583
"SREK1",0.0475154772003423,0,TRUE,584
"FLNC",0.0474205977646626,0,TRUE,585
"PLEKHG2",0.04736303439949,0,TRUE,586
"VSIG1",0.0473013417742331,0,TRUE,587
"NRP1",0.0472869248750727,0,TRUE,588
"CMTM3",0.0472218953398775,0,TRUE,589
"JAM3",0.0470433270502506,0,TRUE,590
"PLAT",0.0470418133832789,0,TRUE,591
"YBX3",0.0470056418505183,0,TRUE,592
"NDRG2",0.046849529986818,0,TRUE,593
"LAMP3",0.0467893657142418,0,TRUE,594
"CPXM2",0.0466558872872694,0,TRUE,595
"KLF13",0.0464277282706499,0,TRUE,596
"SLFN11",0.0461491570874322,0,TRUE,597
"ANKRD11",0.046058210421411,0,TRUE,598
"CCAR1",0.0460171353518912,0,TRUE,599
"TNS3",0.0457690275775715,0,TRUE,600
"LAMA4",0.045744663524349,0,TRUE,601
"ATP8B2",0.0457260113316343,0,TRUE,602
"IGFBP3",0.0457057909370329,0,TRUE,603
"LRRC32",0.0456757604465013,0,TRUE,604
"GNB4",0.0456360614219101,0,TRUE,605
"HSPB6",0.045570994436701,0,TRUE,606
"SLTM",0.0455417341585584,0,TRUE,607
"SCEL",0.0454474629966099,0,TRUE,608
"GBP1",0.0453922048306613,0,TRUE,609
"S100A2",0.045368998134437,0,TRUE,610
"PTPRB",0.0453350737786571,0,TRUE,611
"THOC2",0.0453010098261993,0,TRUE,612
"CRIM1",0.0451350829247653,0,TRUE,613
"MCRIP1",0.0451344420164999,0,TRUE,614
"WWTR1",0.0447695787866163,0,TRUE,615
"H2AFJ",0.0447624391477415,0,TRUE,616
"PEAR1",0.0447385902057888,0,TRUE,617
"S100A8",0.044584099164877,0,TRUE,618
"GRIPAP1",0.0445752630187911,0,TRUE,619
"DDX21",0.0444054582368365,0,TRUE,620
"AFF1",0.0443931605540957,0,TRUE,621
"PCDH12",0.0443609586283969,0,TRUE,622
"THBD",0.0443096418379153,0,TRUE,623
"BPTF",0.0442671860425073,0,TRUE,624
"MNDA",0.0442588702294592,0,TRUE,625
"FOXP1",0.0441420591162455,0,TRUE,626
"FSTL3",0.0441098512826396,0,TRUE,627
"AC245060.5",0.0439942429404296,0,TRUE,628
"CYBB",0.0437361893391865,0,TRUE,629
"CD3E",0.0437234383056633,0,TRUE,630
"ZCCHC24",0.0436822511201942,0,TRUE,631
"LRRK2",0.0435281489880823,0,TRUE,632
"SNHG14",0.0434459628658991,0,TRUE,633
"CYYR1",0.0433844967354616,0,TRUE,634
"RTKN2",0.0433843711731597,0,TRUE,635
"LHFPL6",0.0432518157058814,0,TRUE,636
"PLEKHH2",0.0431233944599778,0,TRUE,637
"PTH1R",0.0430003167222914,0,TRUE,638
"SIRPA",0.0429207050659778,0,TRUE,639
"PRKCB",0.042893894910824,0,TRUE,640
"BMPR2",0.0428030537523357,0,TRUE,641
"CBX6",0.0426064332211483,0,TRUE,642
"FUT11",0.0423469699348943,0,TRUE,643
"PPP1R12A",0.0423356400237843,0,TRUE,644
"C3AR1",0.0423013923943258,0,TRUE,645
"CD163",0.0421515816677369,0,TRUE,646
"ACSL4",0.0420337085632146,0,TRUE,647
"TNFRSF4",0.0420331381701474,0,TRUE,648
"FXYD1",0.0419922884076327,0,TRUE,649
"OPTN",0.0418094085751073,0,TRUE,650
"ASPN",0.0418011561315813,0,TRUE,651
"EID1",0.0417767983910338,0,TRUE,652
"AC103591.3",0.0417090314596677,0,TRUE,653
"SEPTIN11",0.0416063808181167,0,TRUE,654
"ID3",0.0415988479477183,0,TRUE,655
"NFIA",0.0415480787410396,0,TRUE,656
"SCARA3",0.0414411744381826,0,TRUE,657
"VASN",0.0411109298633906,0,TRUE,658
"FRAS1",0.040906227162736,0,TRUE,659
"PLEKHO1",0.0408823782142551,0,TRUE,660
"PPIG",0.0408301086043764,0,TRUE,661
"NKTR",0.0407686529981689,0,TRUE,662
"CA4",0.0407427612309089,0,TRUE,663
"LMCD1",0.0406556674310106,0,TRUE,664
"LMO4",0.0405744893283608,0,TRUE,665
"GRK5",0.0405606537914703,0,TRUE,666
"VGLL3",0.0405379646530844,0,TRUE,667
"FAM171A1",0.0402753615386823,0,TRUE,668
"NEDD9",0.0402020769315393,0,TRUE,669
"LST1",0.0401055067203457,0,TRUE,670
"TGFBR3",0.0400770028965256,0,TRUE,671
"LENG8",0.0400119194963308,0,TRUE,672
"FLI1",0.0400113383033946,0,TRUE,673
"CLIC5",0.039916953599176,0,TRUE,674
"SCD",0.0398655892194863,0,TRUE,675
"MARCO",0.0395347344168082,0,TRUE,676
"GOLGA8A",0.0395335905220246,0,TRUE,677
"MTRNR2L12",0.0394930205195564,0,TRUE,678
"BRD4",0.0393318743990259,0,TRUE,679
"SRPRB",0.0393220371220732,0,TRUE,680
"ST6GALNAC6",0.0393188520425314,0,TRUE,681
"NPDC1",0.0392086366869239,0,TRUE,682
"CCND2",0.0390976280325569,0,TRUE,683
"MLLT1",0.0387996846470775,0,TRUE,684
"CD14",0.0386903744584446,0,TRUE,685
"ITIH5",0.0386626921722813,0,TRUE,686
"ROCK2",0.0386544240550423,0,TRUE,687
"CHD2",0.0384292652232323,0,TRUE,688
"CMKLR1",0.0382848676488884,0,TRUE,689
"KPNA6",0.038253754510819,0,TRUE,690
"ZNF703",0.0381159215607442,0,TRUE,691
"UBQLN4",0.0381002323760227,0,TRUE,692
"JADE1",0.0380967969348214,0,TRUE,693
"CD37",0.0380041619071859,0,TRUE,694
"RGS1",0.0378754533419288,0,TRUE,695
"CCDC102B",0.0378043678584242,0,TRUE,696
"BDP1",0.0376804615989657,0,TRUE,697
"RNF152",0.0376667443637585,0,TRUE,698
"MMRN2",0.0376029824168423,0,TRUE,699
"NEMF",0.0375652806587619,0,TRUE,700
"SMARCA2",0.0374497162548562,0,TRUE,701
"WDR74",0.037335111062953,0,TRUE,702
"HIGD1B",0.0371528891691938,0,TRUE,703
"MAFB",0.0370417311712942,0,TRUE,704
"DDR2",0.0369267716038627,0,TRUE,705
"ATOH8",0.0368356992969288,0,TRUE,706
"ITPR1",0.0368337873458024,0,TRUE,707
"GOLGA2",0.0367194000751156,0,TRUE,708
"MYO15B",0.0366555885365765,0,TRUE,709
"EFEMP1",0.036597024381216,0,TRUE,710
"RHOJ",0.0365828012180241,0,TRUE,711
"MICAL2",0.0364528392463199,0,TRUE,712
"AKR1B1",0.0363273373807775,0,TRUE,713
"GPR183",0.035989865277866,0,TRUE,714
"BAZ2B",0.0359082840807309,0,TRUE,715
"SH3D19",0.0358937787502504,0,TRUE,716
"AGAP3",0.0358814288186077,0,TRUE,717
"MCEMP1",0.0358587807774931,0,TRUE,718
"FOXO1",0.0358471439332999,0,TRUE,719
"CD84",0.0356786759806193,0,TRUE,720
"RAPGEF1",0.0356669050743151,0,TRUE,721
"KMT2E",0.0356445750227893,0,TRUE,722
"JMJD1C",0.0355995548627262,0,TRUE,723
"MS4A4A",0.0355866241557306,0,TRUE,724
"BTNL9",0.0355267161201261,0,TRUE,725
"COX5A",0.0354387448198974,0,TRUE,726
"TNFRSF14",0.0353865683827167,0,TRUE,727
"SMTN",0.0353177748450407,0,TRUE,728
"KDM4C",0.035217862279047,0,TRUE,729
"JCAD",0.0351524650046859,0,TRUE,730
"CYB5B",0.0348443887565793,0,TRUE,731
"SRRM1",0.0347746042648571,0,TRUE,732
"AKNA",0.0346787555231919,0,TRUE,733
"CCR7",0.0345857221398139,0,TRUE,734
"HOOK3",0.0345536089870105,0,TRUE,735
"CCL5",0.0344027516925994,0,TRUE,736
"OLR1",0.0342064221394044,0,TRUE,737
"IRF8",0.0341235595819699,0,TRUE,738
"ITGA4",0.0341216771479804,0,TRUE,739
"TIE1",0.0339435935487605,0,TRUE,740
"CD69",0.0339362338119283,0,TRUE,741
"DEK",0.0338606102534894,0,TRUE,742
"ABCA7",0.0337132916340632,0,TRUE,743
"RAB31",0.0337038166116733,0,TRUE,744
"PIP4K2B",0.0336708362720902,0,TRUE,745
"ITSN2",0.033615578609466,0,TRUE,746
"TNRC6A",0.0335485023229329,0,TRUE,747
"IL15RA",0.0335312973007902,0,TRUE,748
"ARID4B",0.0333189885778776,0,TRUE,749
"RRAS",0.033277369435593,0,TRUE,750
"CD34",0.0332583986653216,0,TRUE,751
"FOLR2",0.0328125447893646,0,TRUE,752
"ARRDC2",0.0328059877339604,0,TRUE,753
"RBMS3",0.0327947595989875,0,TRUE,754
"INSR",0.0327308535509693,0,TRUE,755
"SESN1",0.0326948180925437,0,TRUE,756
"CYTH4",0.0326155736551505,0,TRUE,757
"GYPC",0.0325528337425603,0,TRUE,758
"AMOTL2",0.0324081112475918,0,TRUE,759
"CHD3",0.0324078027313722,0,TRUE,760
"IL2RG",0.0323857944564465,0,TRUE,761
"NTM",0.032376612395226,0,TRUE,762
"ARHGAP18",0.0322229625986882,0,TRUE,763
"FLCN",0.0321317953395837,0,TRUE,764
"FAM133B",0.0318791194753956,0,TRUE,765
"TBC1D10B",0.0316569474292286,0,TRUE,766
"NRGN",0.031640974642028,0,TRUE,767
"CXCL8",0.031609428105595,0,TRUE,768
"SH2D3C",0.0315284158272872,0,TRUE,769
"TNFAIP3",0.0315064038178199,0,TRUE,770
"APOLD1",0.0313021095880685,0,TRUE,771
"ITFG1",0.0312551913806914,0,TRUE,772
"LCP2",0.0312124296009174,0,TRUE,773
"CXCL5",0.0309740615758049,0,TRUE,774
"EDEM1",0.030877527615998,0,TRUE,775
"RSF1",0.0307757740114941,0,TRUE,776
"TNPO2",0.0304667194908843,0,TRUE,777
"RIPOR1",0.0302882574731462,0,TRUE,778
"PDE5A",0.0302634763213117,0,TRUE,779
"SERINC3",0.0302310011239394,0,TRUE,780
"EVI2B",0.0301945964250693,0,TRUE,781
"TOP1",0.0301099197140983,0,TRUE,782
"NOTCH4",0.0300269472264434,0,TRUE,783
"MAP3K20",0.0298809394621974,0,TRUE,784
"CSF3R",0.0298367376922495,0,TRUE,785
"LAP3",0.0297894003750729,2.22044604925031e-16,TRUE,786
"PREX1",0.0297688956357274,2.22044604925031e-16,TRUE,787
"OGA",0.0296317676135865,2.22044604925031e-16,TRUE,788
"BOD1L1",0.0296144757526002,2.22044604925031e-16,TRUE,789
"AC253572.2",0.0295963366802487,2.22044604925031e-16,TRUE,790
"C1orf162",0.0295899506671116,2.22044604925031e-16,TRUE,791
"AREG",0.0294836523262015,2.22044604925031e-16,TRUE,792
"RDX",0.0294831754842724,2.22044604925031e-16,TRUE,793
"CCL13",0.0293269585859645,2.22044604925031e-16,TRUE,794
"GOLGB1",0.0291327637552553,6.66133814775094e-16,TRUE,795
"RAB11FIP1",0.0290733652359702,6.66133814775094e-16,TRUE,796
"EFNB1",0.028891114485362,8.88178419700125e-16,TRUE,797
"ZNF682",0.0288343912792868,1.11022302462516e-15,TRUE,798
"RCN2",0.0286556973474904,1.77635683940025e-15,TRUE,799
"PHACTR2",0.0286456813296005,1.77635683940025e-15,TRUE,800
"RB1CC1",0.0285142176030503,2.22044604925031e-15,TRUE,801
"CYFIP1",0.0285101990735516,2.22044604925031e-15,TRUE,802
"GAMT",0.0284938312146346,2.22044604925031e-15,TRUE,803
"SPON2",0.0284520751117707,2.66453525910038e-15,TRUE,804
"MAP4",0.0282358548784752,4.21884749357559e-15,TRUE,805
"ROCK1",0.0281961791177778,4.66293670342566e-15,TRUE,806
"GZMB",0.0280495517548136,5.32907051820075e-15,TRUE,807
"ZBTB7A",0.028007977777185,7.105427357601e-15,TRUE,808
"CCDC50",0.0279821723965981,7.105427357601e-15,TRUE,809
"PIK3CD",0.0278473313239907,8.65973959207622e-15,TRUE,810
"BCL6B",0.0277194131173883,1.06581410364015e-14,TRUE,811
"SMPD4",0.0276551806230024,1.4432899320127e-14,TRUE,812
"ZBTB20",0.0276246037606713,1.48769885299771e-14,TRUE,814
"GLIPR2",0.0275812897805693,1.4432899320127e-14,TRUE,813
"ZNF358",0.0274394014947856,2.30926389122033e-14,TRUE,815
"RBBP6",0.0272430116971938,3.66373598126302e-14,TRUE,816
"TCEAL4",0.0271092530733686,4.70734562441066e-14,TRUE,817
"PPFIBP1",0.026934056560734,6.68354260824344e-14,TRUE,818
"EMP3",0.0267210696929571,1.0458300891969e-13,TRUE,820
"PHIP",0.0267193103496905,1.06137321154165e-13,TRUE,821
"MSR1",0.0267188769857491,9.37028232783632e-14,TRUE,819
"ZEB1",0.0266038828058479,1.15463194561016e-13,TRUE,822
"NRP2",0.0265825372856478,1.24789067967868e-13,TRUE,823
"RBMS1",0.0261089147179863,3.61710661422876e-13,TRUE,824
"INPP4B",0.0260032915453251,4.00346422679831e-13,TRUE,825
"TUBB6",0.0258110888368328,6.0285110237146e-13,TRUE,826
"CDKN1C",0.0256474148034413,9.23039422673355e-13,TRUE,828
"LPL",0.0256401141772369,7.84705633805061e-13,TRUE,827
"RGS2",0.0255316642288371,1.14952491969689e-12,TRUE,829
"FOXF1",0.0252776856027703,1.66333613549341e-12,TRUE,830
"SAMD4A",0.0252758338733283,1.92201810023107e-12,TRUE,831
"PEAK1",0.0250715563791494,2.68718380880273e-12,TRUE,832
"YTHDC1",0.0249303563053728,3.80873110827906e-12,TRUE,833
"SNTB2",0.0247785743593647,5.03130870299628e-12,TRUE,835
"PAPSS2",0.0247650351167222,4.9755755071601e-12,TRUE,834
"GCC2",0.0247213160713666,5.50492984530138e-12,TRUE,836
"APBB2",0.0245410083936658,7.66875452029581e-12,TRUE,837
"QKI",0.0244295461004194,9.67248503513929e-12,TRUE,838
"CLIP1",0.0242775491306145,1.31992194951636e-11,TRUE,839
"DGKA",0.0241877522304442,1.45734535550446e-11,TRUE,840
"IQSEC1",0.0241773562989293,1.53315138362586e-11,TRUE,841
"LIMS1",0.0240919399183962,1.87694304543129e-11,TRUE,842
"TBC1D16",0.0240318211320904,2.05555572563298e-11,TRUE,843
"NCF2",0.0239798133234527,2.19839701998126e-11,TRUE,844
"LARP7",0.0239560944122801,2.39821495995329e-11,TRUE,845
"CD58",0.0238383939265323,2.92179613836652e-11,TRUE,846
"ID4",0.0232817311831773,8.34390334603086e-11,TRUE,848
"USP8",0.0232806713364477,8.26791968222551e-11,TRUE,847
"ZNF106",0.0231260078150848,1.06544550959597e-10,TRUE,849
"ZNF644",0.0230828532929123,1.1715628467357e-10,TRUE,850
"PRPF38B",0.0227258128316101,2.22942997396558e-10,TRUE,851
"CEP290",0.0225296929531503,3.03493452591397e-10,TRUE,853
"SOX17",0.0225187964505843,2.90978796613217e-10,TRUE,852
"LIFR",0.0224947076851714,3.34855032591008e-10,TRUE,854
"MEF2C",0.0223722672429258,4.22166746005814e-10,TRUE,855
"LPP",0.0223378437202246,4.63991067789493e-10,TRUE,856
"PHLDA1",0.0221205016851001,6.47227826888752e-10,TRUE,857
"SYNE1",0.0220390207537663,7.57128137962582e-10,TRUE,858
"KAT6B",0.0220030883747949,7.92916177161374e-10,TRUE,859
"RNF216",0.0219917186649076,8.1316997579961e-10,TRUE,860
"PIK3R1",0.0218095312486988,1.10420961263458e-09,TRUE,861
"ANKRD17",0.0214901086545485,1.91379534442149e-09,TRUE,862
"DUSP10",0.0214141608015506,2.02924255177095e-09,TRUE,863
"FABP5",0.0212943321761915,2.57309218376633e-09,TRUE,865
"SORBS3",0.0212841384141071,2.70638156329994e-09,TRUE,866
"IGFBP6",0.0212722956129449,2.56717758162495e-09,TRUE,864
"APOL2",0.0211545168714269,3.21994431118355e-09,TRUE,867
"IRF1",0.0211347960005055,3.50418538630493e-09,TRUE,868
"ATF5",0.0210413143685727,3.81811671168464e-09,TRUE,869
"PRPF4B",0.0208786116820629,5.23897591975242e-09,TRUE,870
"CXCL1",0.0207467584783601,5.44168976546189e-09,TRUE,871
"TRIB2",0.020746185375341,6.08964989545768e-09,TRUE,872
"VAMP2",0.0207415606338699,6.76357436724118e-09,TRUE,873
"N4BP2L2",0.0207121181049493,6.85327883331865e-09,TRUE,874
"RTCB",0.0206818888749102,7.34034277805051e-09,TRUE,875
"MAVS",0.0206602478891548,7.50158091200603e-09,TRUE,876
"KANK2",0.0206421068886606,7.565960524758e-09,TRUE,877
"LAMB3",0.0205936353828463,8.36382008095882e-09,TRUE,878
"BAZ1A",0.0205732003809247,8.73781291765852e-09,TRUE,879
"PTPRM",0.0205194930823126,9.33844579442678e-09,TRUE,880
"RBM14",0.0204492909913316,1.07694990703067e-08,TRUE,881
"ZNF91",0.0203448752059828,1.21559398102988e-08,TRUE,882
"ESF1",0.0203271259933276,1.23413876895739e-08,TRUE,883
"GABPB1-AS1",0.0203138960797069,1.27208970024384e-08,TRUE,884
"TRIM56",0.0203064887490712,1.34396627160527e-08,TRUE,885
"ARHGEF17",0.0202699297327761,1.41740601478091e-08,TRUE,886
"ABTB1",0.0199278033098654,2.33668486782079e-08,TRUE,887
"IL33",0.0199172620285611,2.34428436662881e-08,TRUE,888
"BAZ1B",0.0199062409985399,2.51661764760769e-08,TRUE,889
"ZNF292",0.0198063622897963,2.95013085072071e-08,TRUE,892
"PTPN14",0.0197961791933719,2.9490247799302e-08,TRUE,891
"HCG18",0.019790517419655,2.97546338678956e-08,TRUE,893
"MS4A2",0.01974899948048,2.86168291285804e-08,TRUE,890
"CHD1",0.019654404906094,3.63353860333149e-08,TRUE,894
"GNA11",0.0196350430645775,3.82328024794987e-08,TRUE,895
"SYNE2",0.0195595068160186,4.36206599729871e-08,TRUE,897
"DOCK6",0.0195490879219007,4.24374146934525e-08,TRUE,896
"DDX60",0.0194286059100825,5.14037850063431e-08,TRUE,898
"ZRANB2",0.019339101964204,6.09133099516157e-08,TRUE,900
"PRDM1",0.0193039673293175,6.0837768822708e-08,TRUE,899
"AHI1",0.0192011934862617,7.37803658168446e-08,TRUE,901
"CWF19L2",0.0191558559020582,7.83628510969692e-08,TRUE,902
"ILKAP",0.0191430414492059,8.170811871544e-08,TRUE,903
"TNS2",0.018944831572952,1.09311924623157e-07,TRUE,904
"REEP4",0.0188348076315979,1.25489972635506e-07,TRUE,906
"SS18L2",0.018761761148042,1.42607665232219e-07,TRUE,907
"CHIT1",0.0186653498318379,1.24700728854066e-07,TRUE,905
"PNN",0.0185867026657259,1.8695212156139e-07,TRUE,908
"GOLGA8B",0.0183738939972324,2.51121669680998e-07,TRUE,909
"ARHGAP21",0.0182888249369851,2.88672187709338e-07,TRUE,910
"DLC1",0.0182634391197044,3.03659984490778e-07,TRUE,911
"UPF2",0.018159697083534,3.53159429922201e-07,TRUE,912
"FILIP1L",0.0176745485309787,6.71390444573206e-07,TRUE,913
"TAF3",0.0175598099184499,7.93901302253985e-07,TRUE,914
"SMARCC1",0.0173730066876955,1.07716174535533e-06,TRUE,915
"GALNT4",0.0171478167909899,1.39306375945836e-06,TRUE,916
"ZC3H6",0.0167329494705078,2.5438546673584e-06,TRUE,917
"KDM5A",0.016697943358201,2.64047536835399e-06,TRUE,918
"BAZ2A",0.0166864962100614,2.74231512276124e-06,TRUE,919
"PTGES",0.0165824954252057,3.08598732412513e-06,TRUE,920
"SHLD2",0.0165658877739406,3.1879368800336e-06,TRUE,921
"SLCO3A1",0.0163935503636254,3.91940411792469e-06,TRUE,923
"CCL20",0.0163065104321052,3.66290974107564e-06,TRUE,922
"COPRS",0.0160673689206623,6.20052669986215e-06,TRUE,925
"PHLDB2",0.0160368555578308,6.17969851801625e-06,TRUE,924
"TMEM107",0.0157574964706807,8.94321111366558e-06,TRUE,926
"ARHGAP29",0.015697980495594,9.49277482176214e-06,TRUE,927
"CHD9",0.015528042168477,1.22061610703383e-05,TRUE,928
"CEP350",0.0153500047394516,1.52637005428335e-05,TRUE,929
"DAAM1",0.015195546891118,1.85103995280489e-05,TRUE,930
"EIF3J",0.0148218243209843,2.92302735473982e-05,TRUE,931
"TAF6L",0.0147018097948578,3.29950837025805e-05,TRUE,932
"PCSK7",0.0146309935844037,3.62661016346522e-05,TRUE,933
"ATP2C1",0.0141537338755891,6.34003989479215e-05,TRUE,934
"KCTD10",0.0138688996049255,8.77493789990247e-05,TRUE,935
"RSRC2",0.0138167119687178,9.35567940252291e-05,TRUE,936
"YIPF4",0.013800458048496,9.64033792187902e-05,TRUE,937
"ARID4A",0.0137238311118383,0.000104394274338171,TRUE,938
"CGGBP1",0.0136268640704086,0.000117101863720936,TRUE,939
"ZC3H15",0.0135974487563689,0.000118633339411423,TRUE,940
"ATP2B4",0.0134865256565718,0.000137725189985671,TRUE,942
"GATA6",0.0134792555407656,0.0001373805108702,TRUE,941
"DENND4B",0.0133602309899393,0.000155989313142202,TRUE,943
"MEF2A",0.0133506924874353,0.000157638371055979,TRUE,944
"DDX46",0.0128150874315824,0.000282452403275846,TRUE,945
"TPR",0.0127860702793148,0.000291756479816829,TRUE,946
"NUDT4",0.01272191680344,0.000308736974103496,TRUE,947
"EP300",0.0124034801492513,0.000431468331719254,TRUE,948
"UBXN7",0.0122753620485739,0.000487308211610582,TRUE,949
"TSPAN12",0.0121282115789802,0.000568612497436449,TRUE,950
"METAP2",0.0116704432381391,0.000904763295470623,TRUE,951
"THAP12",0.0116182519272726,0.000942291220471514,TRUE,952
"SURF6",0.0116168816464742,0.000951185872868132,TRUE,953
"CMIP",0.011584194211052,0.000987993143529931,TRUE,954
"WDR60",0.0114702040683692,0.0010955151781693,TRUE,955
"HES1",0.0114264648824977,0.00115142494179166,TRUE,956
"ZMAT1",0.0113194275606404,0.00123828867112308,TRUE,957
"MSL2",0.0112703869338547,0.00132736101343833,TRUE,958
"NFATC2IP",0.0109257194963242,0.00184832192815376,TRUE,960
"HDAC7",0.0109253156100183,0.00184031862706613,TRUE,959
"ADAM17",0.0108641166428235,0.00194948060539746,TRUE,961
"KLF7",0.0105551399752077,0.00256007215527743,TRUE,962
"NSRP1",0.0104308643083906,0.00286198134319138,TRUE,963
"DMXL2",0.0102840033816937,0.0032409766005721,TRUE,964
"PCF11",0.0100011918986421,0.00421971507417895,TRUE,965
"HMGN5",0.00995141675935394,0.00434274691809455,TRUE,966
"BRWD3",0.00992928538669376,0.00445873044305523,TRUE,967
"PRPF40A",0.00985054445262248,0.0048061040947025,TRUE,968
"BBX",0.00981177646637331,0.00489912542085236,TRUE,969
"TNRC6B",0.00972385009035665,0.00531460109662452,TRUE,970
"NOP58",0.00970866990257899,0.00541603368695798,TRUE,971
"H1F0",0.00966254391739323,0.00564709937920482,TRUE,972
"UTRN",0.00962679575884671,0.00583169107420711,TRUE,973
"ATP2B1",0.00954082721538722,0.00619009420000372,TRUE,974
"L3MBTL2",0.00949940706536706,0.00635888869609436,TRUE,975
"HECW2",0.00926287055803276,0.00778661307352335,TRUE,976
"SCAPER",0.00912823818900265,0.0086257571066668,TRUE,977
"EEA1",0.00911097413038236,0.00880623380746925,TRUE,978
"AMOTL1",0.00904005513542662,0.00930449584281545,TRUE,979
"LAMC2",0.00889509016026488,0.0104343733601207,TRUE,980
"NMT1",0.00862741710638948,0.0129252845209646,TRUE,981
"RTF1",0.00856472622813335,0.0135689944344339,TRUE,982
"SPEN",0.00829060283222437,0.0166798619504418,TRUE,983
"ZNF579",0.00816643696805036,0.0181560985061759,TRUE,984
"MAP9",0.00790568690000245,0.0220037987595225,TRUE,985
"FBXW7",0.00745883611595122,0.0301119887704395,TRUE,986
"SLF2",0.00727441243945153,0.0340720359584501,TRUE,987
"FRY",0.00701261951177586,0.0406147591259494,TRUE,988
"ODF2L",0.00665184971073369,0.0517467755964165,TRUE,989
"ZCRB1",0.00661407781741385,0.0530683662712024,TRUE,990
"SHOC2",0.00601826039819022,0.0762968061281346,TRUE,991
"MYO10",0.00569001050318255,0.0925852268214509,TRUE,992
"PDS5B",0.00499960673506602,0.135225899137468,TRUE,993
"ARHGAP26",0.00400634743417305,0.221917449371066,TRUE,994
"LINC00963",0.00342868945460641,0.287520186164378,TRUE,995
"ARHGEF26",0.00294591696422242,0.350674665551412,TRUE,996
"SLU7",0.002192667509636,0.468608065462658,TRUE,997
"ZNHIT6",0.00103485985948091,0.683013704948655,TRUE,999
"OIP5-AS1",0.000673192827499284,0.757452603865746,TRUE,1000
"PHF14",-0.00210003476774501,0.652520174284578,TRUE,998
